{
    "metadata": {
        "duration": 1.0,
        "delta_t": 10.0,
        "iterations": 1,
        "epsilon": 0.01
    },
    "results": [
        {
            "mass_1": 4323611.02891664,
            "mass_2": 54.69393999936625,
            "spin": 0.4193555794019499,
            "p0": 6.862595312351148,
            "e0": 0.08882266926977365,
            "x0": 1.0,
            "dist": 1.0,
            "qS": 1.0471975511965976,
            "phiS": 1.0471975511965976,
            "qK": 1.0471975511965976,
            "phiK": 1.0471975511965976,
            "Phi_phi0": 1.0471975511965976,
            "Phi_theta0": 0.0,
            "Phi_r0": 1.0471975511965976,
            "duration": 1.0,
            "delta_t": 5.0,
            "iterations": 1,
            "fd_time": 0.6947968006134033,
            "td_time": 0.9295589923858643
        },
        {
            "mass_1": 4188335.8267327617,
            "mass_2": 360.3747088718942,
            "spin": 0.09810848706932823,
            "p0": 10.166051751214571,
            "e0": 0.7216743341516829,
            "x0": 1.0,
            "dist": 1.0,
            "qS": 1.0471975511965976,
            "phiS": 1.0471975511965976,
            "qK": 1.0471975511965976,
            "phiK": 1.0471975511965976,
            "Phi_phi0": 1.0471975511965976,
            "Phi_theta0": 0.0,
            "Phi_r0": 1.0471975511965976,
            "duration": 1.0,
            "delta_t": 5.0,
            "iterations": 1,
            "fd_time": 0.9034779071807861,
            "td_time": 1.8503010272979736
        },
        {
            "mass_1": 1621079.2054168726,
            "mass_2": 23.952004081684347,
            "spin": 0.49259444491494075,
            "p0": 8.092503990039976,
            "e0": 0.4290746362063194,
            "x0": 1.0,
            "dist": 1.0,
            "qS": 1.0471975511965976,
            "phiS": 1.0471975511965976,
            "qK": 1.0471975511965976,
            "phiK": 1.0471975511965976,
            "Phi_phi0": 1.0471975511965976,
            "Phi_theta0": 0.0,
            "Phi_r0": 1.0471975511965976,
            "duration": 1.0,
            "delta_t": 5.0,
            "iterations": 1,
            "fd_time": 0.9145798683166504,
            "td_time": 1.2466509342193604
        }
    ]
}